<?xml version="1.0" encoding="UTF-8"?>
<project-private xmlns="http://www.netbeans.org/ns/project-private/1">
    <editor-bookmarks xmlns="http://www.netbeans.org/ns/editor-bookmarks/2" lastBookmarkId="0"/>
    <open-files xmlns="http://www.netbeans.org/ns/projectui-open-files/2">
        <group>
            <file>file:/C:/Users/DELL/Documents/NetBeansProjects/Eventmanagementsystem/src/java/com/nsbm/controller/ParticipantServlet.java</file>
            <file>file:/C:/Users/DELL/Documents/NetBeansProjects/Eventmanagementsystem/src/java/com/nsbm/model/Participant.java</file>
            <file>file:/C:/Users/DELL/Documents/NetBeansProjects/Eventmanagementsystem/web/participantList.jsp</file>
            <file>file:/C:/Users/DELL/Documents/NetBeansProjects/Eventmanagementsystem/web/eventForm.jsp</file>
            <file>file:/C:/Users/DELL/Documents/NetBeansProjects/Eventmanagementsystem/src/java/com/nsbm/dao/ParticipantDAO.java</file>
        </group>
    </open-files>
</project-private>
